DelayNafromNadueNadate,NumNaofNaDelayedNaPayment,ChangedNaCreditNaLimit,NumNaCreditNaInquiries,CreditNaMix,OutstandingNaDebt,CreditNaUtilizationNaRatio,CreditNaHistoryNaAge,PaymentNaofNaMinNaAmount,TotalNaEMINaperNamonth,AmountNainvestedNamonthly,MonthlyNaBalance,CreditNaScore
3,7,11.27,4.0,Na,809.98,26.822.619.623.699.000,22 Years and 1 Months,No,4.957.494.921.489.410,8.041.529.543.900.250,31.249.408.867.943.600,Good
1,0,11.27,4.0,Good,809.98,3.194.496.005.538.420,NA,No,4.957.494.921.489.410,11.828.022.162.236.700,28.462.916.249.607.100,Good
3,7,Na,4.0,Good,809.98,2.860.935.202.206.990,22 Years and 3 Months,No,4.957.494.921.489.410,81.699.521.264.648,3.312.098.628.537.910,Good
5,4,6.27,4.0,Good,809.98,31.377.861.869.582.300,22 Years and 4 Months,No,4.957.494.921.489.410,1.994.580.743.910.710,22.345.130.972.736.700,Good
6,0,11.27,4.0,Good,809.98,24.797.346.908.844.900,22 Years and 5 Months,No,4.957.494.921.489.410,41.420.153.086.217.300,34.148.923.103.222.100,Good
8,4,9.27,4.0,Good,809.98,2.726.225.871.052.010,22 Years and 6 Months,No,4.957.494.921.489.410,62.430.172.331.195.200,3.404.792.117.872.430,Good
3,8,11.27,4.0,Good,809.98,2.253.759.303.178.380,22 Years and 7 Months,No,4.957.494.921.489.410,1.783.440.674.122.340,2.445.653.167.062.040,Good
7,1,7.42,2.0,Good,605.03,38.550.848.433.956.300,26 Years and 8 Months,No,18.816.214.573.128.800,4.039.123.782.853.100,4.845.912.142.650.060,Good
3,3,5.42,2.0,Good,605.03,3.918.265.565.546.880,26 Years and 10 Months,No,18.816.214.573.128.800,9.930.622.796.053.300,4.656.762.241.330.040,Good
3,1,6.42,2.0,Good,605.03,3.497.789.474.709.240,26 Years and 11 Months,No,18.816.214.573.128.800,13.011.542.024.292.300,4.448.670.318.506.140,Good
3,0,5.42,2.0,Good,605.03,3.338.101.020.065.060,27 Years and 0 Months,No,18.816.214.573.128.800,43.477.190.144.355.700,481.505.261.949.182,Good
3,4,5.42,2.0,Good,605.03,31.131.701.611.553.300,27 Years and 1 Months,Yes,18.816.214.573.128.800,7.010.177.420.755.670,4.648.806.778.859.800,Good
3,4,5.42,2.0,Good,605.03,32.933.856.293.622.200,27 Years and 2 Months,No,18.816.214.573.128.800,21.890.434.353.388.700,35.607.810.855.965.000,Good
5,8,7.1,3.0,Good,1303.01,28.616.734.823.006.800,17 Years and 9 Months,No,2.469.923.194.537.420,168.413.702.679.309,10.433.159.778.669.400,Good
13,6,7.1,3.0,Good,1303.01,4.170.257.342.393.900,17 Years and 10 Months,No,2.469.923.194.537.420,23.286.038.375.993.500,9.988.692.967.863.220,Good
8,7,11.1,,Good,1303.01,26.519.815.391.546.400,17 Years and 11 Months,No,2.469.923.194.537.420,NaNa10000NaNa,715.741.367.403.555,Good
8,5,9.1,3.0,Na,1303.01,3.950.164.810.812.730,NA,No,2.469.923.194.537.420,8.252.162.699.393.920,4.265.134.106.068.650,Good
10,5,7.1,3.0,Good,1303.01,3.137.614.957.421.200,18 Years and 1 Months,No,2.469.923.194.537.420,4.309.475.278.803.290,8.107.821.526.659.280,Good
8,6,7.1,3.0,Good,1303.01,39.783.993.458.021.100,18 Years and 2 Months,No,2.469.923.194.537.420,25.780.809.942.568.900,9.639.215.811.205.680,Good
12,10,10.14,2.0,Good,548.2,3.996.268.501.363.900,NA,No,15015.0,9.867.440.994.166.120,7.401.960.900.583.380,Good
8,7,10.14,2.0,Good,548.2,4.276.986.440.325.710,32 Years and 0 Months,Yes,0.0,17.293.921.446.875.600,705.931.285.531.244,Good
8,7,10.14,2.0,Good,548.2,40.712.186.529.929.500,NA,No,0.0,15.005.973.429.800.800,6.988.107.657.019.920,Good
8,7,10.14,2.0,Good,548.2,30.201.657.705.809.200,32 Years and 2 Months,No,0.0,6.182.023.912.505.830,27.066.810.874.941.600,Good
11,7,10.14,2.0,Na,548.2,26.333.310.426.871.000,32 Years and 3 Months,No,0.0,17.795.183.568.608.700,6.909.186.643.139.120,Good
7,7,10.14,2.0,Good,548.2,352.754.365.244.368,NA,No,15515.0,23.579.032.503.182.000,6.330.801.749.681.790,Good
8,7,10.14,,Good,548.2,3.158.098.966.831.760,32 Years and 6 Months,No,0.0,4.263.559.025.189.570,7.962.349.097.481.040,Good
0,3,9.34,2.0,Good,352.16,32.200.508.995.391.900,30 Years and 7 Months,Yes,1.376.446.054.014.210,3.781.712.535.207.530,858.462.474.411.158,Good
1,2,15.34,4.0,Good,352.16,3.198.371.000.755.860,30 Years and 8 Months,No,1.376.446.054.014.210,6.988.732.707.169.380,5.477.604.572.149.730,Good
0,3,9.34,4.0,Good,352.16,31.803.134.495.092.200,30 Years and 9 Months,Yes,9.112.201.793.459.370,18.806.432.109.973.800,10.385.694.068.321.700,Good
0,2,8.34,4.0,Good,352.16,4.264.578.489.930.630,30 Years and 10 Months,No,23834.0,33.743.495.631.738.300,8.991.987.716.145.280,Good
0,4,9.34,4.0,Good,352.16,40.902.517.150.451.600,30 Years and 11 Months,No,32662.0,2.633.789.089.320.550,9.632.548.189.998.560,Good
0,2,9.34,4.0,Good,352.16,26.947.565.152.239.800,31 Years and 1 Months,No,9.112.201.793.459.370,9.303.918.977.796.660,32.624.183.015.224.500,Good
0,2,9.34,4.0,Good,352.16,29.187.912.654.166.600,31 Years and 2 Months,No,9.112.201.793.459.370,87.052.238.171.816,3.961.113.462.137.510,Good
30,11,17.13,5.0,Standard,1704.18,24.448.062.746.255.400,NA,Yes,7.047.833.267.207.260,1.624.410.091.967.750,29.819.215.813.115.200,Poor
30,14,17.13,5.0,Na,1704.18,35.171.160.021.263.000,14 Years and 8 Months,Yes,7.047.833.267.207.260,384.369.827.577.036,39.219.618.457.022.300,Poor
31,14,17.13,5.0,Standard,1704.18,3.511.155.247.196.590,14 Years and 9 Months,Yes,7.047.833.267.207.260,1.997.207.654.954.970,2.609.124.018.324.290,Poor
34,14,21.13,5.0,Na,1704.18,2.976.215.930.632.110,14 Years and 10 Months,Yes,7.047.833.267.207.260,22.055.219.192.916.700,2.600.809.753.987.600,Poor
30,14,17.13,9.0,Na,1704.18,3.382.348.834.412.090,15 Years and 2 Months,Yes,7.047.833.267.207.260,2.932.636.371.091.450,4.113.068.036.170.120,Poor
13,11,8.24,3.0,Good,1377.74,3.366.455.429.077.260,21 Years and 4 Months,No,22.689.279.192.154.300,21.519.351.594.560.400,8.023.004.421.328.520,Good
14,8,0.0,3.0,Good,1377.74,27.626.325.486.769.600,21 Years and 5 Months,Yes,22.689.279.192.154.300,21.223.560.220.847.800,7.852.583.558.699.780,Good
11,11,0.0,3.0,Good,1377.74,3.514.156.730.186.040,21 Years and 6 Months,Yes,22.689.279.192.154.300,4.703.857.956.796.370,5.471.081.623.988.190,Good
11,14,8.24,8.0,Good,1377.74,304.590.318.418.306,21 Years and 7 Months,No,22.689.279.192.154.300,22.508.204.945.419,772.411.908.624.267,Good
13,14,8.24,8.0,Na,1377.74,26.114.213.868.949.600,21 Years and 9 Months,Yes,22.689.279.192.154.300,5.463.805.705.230.690,49.111.338.755.538.700,Good
11,0,8.24,8.0,Good,1377.74,3.176.751.564.697.100,21 Years and 10 Months,No,22.689.279.192.154.300,2.154.682.977.385.680,7.920.256.603.398.880,Good
4,0,5.76,2.0,Good,421.43,2.951.935.255.713.930,NA,Yes,46.616.129.073.342.000,154.352.781.097.101,34.155.442.316.289.000,Good
2,0,-12.400.000.000.000.000,2.0,Good,421.43,2.822.048.095.698.550,26 Years and 6 Months,No,46.616.129.073.342.000,2.987.444.693.112.260,2.271.627.349.487.640,Good
2,0,17.599.999.999.999.900,5.0,Good,421.43,3.104.641.790.511.990,26 Years and 7 Months,No,46.616.129.073.342.000,1.408.206.959.818.370,3.750.865.082.781.540,Good
1,0,5.76,5.0,Na,421.43,30.168.030.403.669.400,26 Years and 8 Months,No,46.616.129.073.342.000,2.336.055.264.233.420,2.923.016.778.366.480,Good
1,0,5.76,5.0,Na,421.43,2.518.923.173.183.330,26 Years and 9 Months,No,16415.0,18.470.057.162.057.600,34.120.663.263.941.400,Good
1,0,5.76,5.0,Good,421.43,25.502.468.550.245.600,NA,No,46.616.129.073.342.000,13.771.742.489.512.600,37.818.977.936.486.500,Good
1,2,5.76,5.0,Good,421.43,22.762.202.172.732.500,26 Years and 11 Months,No,46.616.129.073.342.000,1.883.949.004.901.680,33.751.230.376.982.200,Good
2,2,5.76,5.0,Na,421.43,3.756.505.276.771.990,27 Years and 0 Months,No,46.616.129.073.342.000,2.526.448.271.968.880,2.732.623.770.631.020,Good
4,2,3.51,3.0,Good,950.36,41.036.168.282.350.500,25 Years and 6 Months,Yes,13.517.337.097.171.700,157.174.788.304.235,6.743.205.073.907.140,Good
4,2,3.51,3.0,Good,950.36,34.702.836.927.947.000,25 Years and 9 Months,No,13.517.337.097.171.700,27.961.862.207.772.400,5.618.766.736.172.240,Good
4,0,3.51,3.0,Good,950.36,3.832.363.895.436.970,25 Years and 10 Months,No,13.517.337.097.171.700,6.861.262.165.951.830,19.536.907.909.976.500,Good
4,2,3.51,3.0,Na,950.36,25.979.172.803.961.400,25 Years and 11 Months,No,80357.0,1.640.748.218.779.100,6.674.204.738.170.380,Good
1,0,3.51,3.0,Good,950.36,3.087.079.911.079.540,26 Years and 0 Months,No,13.517.337.097.171.700,9.844.195.128.223.790,7.330.533.444.127.110,Good
23,9,8.86,6.0,Na,2602.69,24.523.163.853.918.100,8 Years and 11 Months,Yes,3.654.819.717.138.710,13.066.209.919.444.300,2.722.984.679.091.680,Poor
23,9,8.86,6.0,Standard,2602.69,3.990.251.759.709.180,9 Years and 0 Months,Yes,3.654.819.717.138.710,3.471.516.393.565.090,25.064.951.389.296.100,Poor
23,0,8.86,6.0,Standard,2602.69,3.647.591.386.327.270,9 Years and 1 Months,Yes,3.654.819.717.138.710,456.509.755.447.516,23.971.370.228.386.100,Poor
22,7,8.86,6.0,Standard,2602.69,3.209.749.227.865.350,9 Years and 2 Months,Yes,3.654.819.717.138.710,20.390.183.876.957.100,2.849.744.939.516.550,Poor
22,9,8.86,6.0,Standard,2602.69,37.169.374.491.816.300,9 Years and 3 Months,Yes,3.654.819.717.138.710,50.486.952.198.712.200,25.487.772.562.990.000,Poor
23,6,0.0,6.0,Standard,2602.69,28.570.031.407.996.300,9 Years and 4 Months,Yes,3.654.819.717.138.710,52.931.613.407.134.100,24.243.306.442.147.800,Poor
21,9,0.0,9.0,Standard,2602.69,3.846.541.540.543.400,NA,Yes,3.654.819.717.138.710,30.471.806.299.271.900,2.648.928.715.293.400,Poor
23,9,8.86,9.0,Standard,2602.69,28.815.537.059.010.600,9 Years and 6 Months,Yes,3.654.819.717.138.710,,2.647.720.511.316.510,Poor
16,11,9.13,4.0,Standard,1296.64,42.944.681.681.740.500,NA,Yes,0.0,12.090.755.376.622.200,8.782.514.462.337.770,Poor
16,8,9.13,4.0,Standard,1296.64,343.576.502.428.514,29 Years and 6 Months,Yes,0.0,7.871.934.549.426.280,9.204.396.545.057.370,Poor
16,13,13.13,4.0,Standard,1296.64,28.776.937.743.887.900,NA,Yes,0.0,2.665.850.272.142.170,7.825.739.727.857.820,Poor
16,10,9.13,4.0,Na,1296.64,4.075.852.163.733.130,29 Years and 8 Months,Yes,0.0,5.928.557.022.863.860,9.398.734.297.713.610,Poor
16,11,9.13,4.0,Standard,1296.64,27.727.646.781.775.400,29 Years and 9 Months,Yes,0.0,2.680.846.032.992.910,7.610.743.967.007.080,Poor
19,8,15.920.000.000.000.000,1.0,Standard,107.41,2.651.363.149.248.920,27 Years and 5 Months,Yes,6.298.156.531.464.210,49.924.501.998.175.800,5.886.834.800.182.410,Good
18,0,17.92,1.0,Na,107.41,3.864.911.430.691.300,27 Years and 6 Months,Yes,6.298.156.531.464.210,7.760.922.833.984.060,9.703.192.716.601.590,Good
16,8,17.92,1.0,Standard,107.41,44.676.888.593.962.100,27 Years and 7 Months,Yes,6.298.156.531.464.210,10.830.393.861.997.300,9.396.245.613.800.260,Good
18,8,17.92,1.0,Standard,107.41,3.389.444.259.920.450,27 Years and 9 Months,Yes,6.298.156.531.464.210,11.031.820.362.533.600,9.476.102.963.746.630,Good
52,0,9.95,7.0,Bad,2430.21,29.934.185.732.751.400,18 Years and 2 Months,Yes,4.957.206.224.445.270,7.917.641.583.265.370,31.248.768.858.956.000,Poor
51,18,9.95,7.0,Bad,2430.21,366.412.035.787.929,18 Years and 3 Months,Yes,4.957.206.224.445.270,5.529.821.298.839.300,3.063.658.914.338.200,Poor
48,19,15.95,7.0,Na,2430.21,3.762.486.247.304.560,NA,Yes,4.957.206.224.445.270,14.081.859.591.726.700,23.084.550.850.494.600,Poor
51,19,9.95,7.0,Bad,2430.21,2.805.884.596.384.250,NA,Yes,4.957.206.224.445.270,1.730.425.507.765.920,21.862.155.364.562.100,Poor
51,17,9.95,8.0,Bad,2430.21,2.584.779.062.032.980,18 Years and 7 Months,Yes,4.957.206.224.445.270,8.344.744.882.880.190,28.821.665.559.341.200,Poor
51,19,8.95,8.0,Na,2430.21,2.584.314.493.873.210,18 Years and 8 Months,Yes,56566.0,1.209.754.898.578.690,25.068.861.456.434.400,Poor
30,12,4.17,2.0,Standard,881.4,34.503.707.241.298.500,19 Years and 6 Months,No,0.0,45.388.820.313.894.900,38.743.517.968.610.400,Poor
30,0,4.17,2.0,Standard,881.4,4.117.638.419.789.340,19 Years and 7 Months,No,0.0,16.834.146.287.619.100,30.448.253.712.380.900,Poor
30,12,4.17,2.0,Standard,881.4,3.878.807.246.113.490,19 Years and 8 Months,No,0.0,1.513.776.397.937.300,3.214.463.602.062.690,Poor
30,15,4.17,2.0,Standard,881.4,27.182.482.771.287.600,19 Years and 9 Months,No,0.0,18.463.115.997.411.600,2.781.928.400.258.830,Poor
26,11,4.17,4.0,Na,881.4,28.781.887.776.659.700,19 Years and 10 Months,No,0.0,991.415.414.879.628,3.436.824.585.120.370,Poor
48,0,8.969.999.999.999.990,6.0,Bad,1672.43,25.951.272.885.300.500,10 Years and 1 Months,Yes,3.758.807.283.812.560,14.622.739.235.117.400,2.952.476.462.600.900,Poor
48,18,7.97,6.0,Bad,1672.43,3.238.559.762.083.810,10 Years and 2 Months,Yes,3.758.807.283.812.560,9.236.195.001.929.570,2.675.084.354.759.110,Poor
48,23,7.97,6.0,Bad,1672.43,23.731.347.914.755.400,10 Years and 3 Months,Yes,3.758.807.283.812.560,9.188.397.193.610.820,2.679.864.135.590.990,Poor
51,0,7.97,6.0,Bad,1672.43,3.229.348.991.062.000,10 Years and 5 Months,Yes,3.758.807.283.812.560,6.583.126.164.076.850,29.403.912.385.443.900,Poor
48,24,10.97,1050.0,Bad,1672.43,25.105.402.554.318.400,10 Years and 6 Months,Yes,3.758.807.283.812.560,7.389.986.104.079.840,2.859.705.244.544.090,Poor
52,21,7.97,6.0,Na,1672.43,24.713.823.993.258.300,10 Years and 7 Months,Yes,3.758.807.283.812.560,61.863.727.578.026.100,29.800.665.791.718.100,Poor
48,21,7.97,6.0,Bad,1672.43,3.683.702.882.243.360,10 Years and 8 Months,Yes,3.758.807.283.812.560,7.112.274.735.436.060,288.747.638.140.847,Poor
10,8,0.86,0.0,Na,76.23,29.815.895.626.895.100,32 Years and 9 Months,No,0.0,38.836.035.366.098.800,7.689.823.963.390.110,Good
5,7,Na,0.0,Na,76.23,28.108.086.289.939.200,32 Years and 10 Months,No,0.0,8.072.067.768.357.640,3.701.359.731.642.350,Good
2,6,0.86,0.0,Good,76.23,42.070.458.602.150.000,32 Years and 11 Months,No,0.0,17.203.282.853.259.800,9.553.099.214.674.010,Good
5,7,-4.14,0.0,Good,76.23,2.584.254.793.986.020,33 Years and 0 Months,No,0.0,6.442.873.937.406.400,5.130.553.562.593.590,Good
5,6,0.86,0.0,Good,76.23,288.205.537.792.444,33 Years and 1 Months,No,0.0,34.560.913.541.068.300,791.733.614.589.316,Good
25,18,15.79,,Standard,569.8,28.819.407.058.304,12 Years and 6 Months,Yes,33746.0,3.114.919.791.081.510,3.009.941.628.933.120,Poor
20,19,15.79,7.0,Standard,569.8,3.724.021.434.251.170,12 Years and 7 Months,Yes,26.060.347.529.205.900,410.826.367.012.432,3.010.607.241.028.840,Poor
25,19,15.79,7.0,Standard,569.8,3.652.748.004.014.410,12 Years and 8 Months,Yes,26.060.347.529.205.900,4.800.806.665.619.230,294.135.294.147.935,Poor
25,20,21.79,7.0,Standard,569.8,34.125.305.925.956.300,NA,Yes,26.060.347.529.205.900,56.908.895.859.705.500,2.752.344.649.444.210,Poor
25,19,15.79,11.0,Standard,569.8,31.978.873.515.820.700,12 Years and 10 Months,Yes,26.060.347.529.205.900,6.637.358.000.122.420,27.576.978.080.290.300,Poor
47,19,7.27,12.0,Bad,3532.83,32.321.769.461.626.100,NA,Yes,20.043.261.339.470.600,26.570.621.194.860.000,29.595.384.132.335.900,Poor
48,,7.27,17.0,Bad,3532.83,3.781.024.308.787.280,12 Years and 4 Months,Yes,20.043.261.339.470.600,5.343.581.783.879.260,27.301.874.884.033.100,Poor
48,22,7.27,17.0,Na,3532.83,3.256.739.683.731.980,12 Years and 5 Months,Yes,20.043.261.339.470.600,19.764.049.552.810.000,3.240.195.577.438.590,Poor
48,21,10.27,17.0,Bad,3532.83,3.728.428.974.024.720,12 Years and 6 Months,Yes,20.043.261.339.470.600,20.525.015.227.427.800,3.564.099.009.976.810,Poor
48,24,7.27,,Na,3532.83,24.726.351.303.352.500,12 Years and 9 Months,Yes,20.043.261.339.470.600,15.913.672.195.005.400,3.625.233.313.219.050,Poor
52,10,17.96,9.0,Standard,2686.81,3.928.029.558.815.220,13 Years and 8 Months,Yes,1.851.119.825.795.000,24.806.995.733.765.200,10.656.906.008.284.600,Poor
52,7,13.96,9.0,Standard,2686.81,3.616.398.913.486.820,13 Years and 11 Months,Yes,1.851.119.825.795.000,9.947.477.403.683.120,25.516.424.338.366.800,Poor
52,12,13.96,9.0,Na,2686.81,33.841.866.041.473.100,14 Years and 0 Months,Yes,1.851.119.825.795.000,330.071.842.181.316,4.456.717.523.918.350,Poor
52,12,13.96,9.0,Na,2686.81,24.222.554.856.393.200,14 Years and 1 Months,Yes,1.851.119.825.795.000,10.894.691.107.774.300,2.256.921.063.427.550,Poor
52,9,13.96,13.0,Na,2686.81,3.682.064.895.309.460,14 Years and 3 Months,Yes,1.851.119.825.795.000,9.491.721.648.288.950,24.972.180.093.760.900,Poor
61,13,1.54,6.0,Na,2258.73,3.412.570.493.442.330,NA,Yes,17.238.252.735.862.600,24.691.502.516.402.100,15.144.861.414.401.800,Poor
61,16,1.54,8.0,Na,2258.73,33.414.598.040.847.300,8 Years and 9 Months,Yes,17.238.252.735.862.600,2.360.775.818.986.980,16.228.605.740.934.100,Poor
61,15,1.54,568.0,Bad,2258.73,27.572.862.899.949.100,8 Years and 10 Months,Yes,17.238.252.735.862.600,1.980.421.234.022.210,1.903.215.159.058.180,Poor
61,16,1.54,8.0,Bad,2258.73,324.134.467.979.176,8 Years and 11 Months,Yes,17.238.252.735.862.600,2.540.211.199.377.700,1.643.425.193.702.680,Poor
61,16,1.54,8.0,Bad,2258.73,2.791.283.759.274.980,9 Years and 1 Months,Yes,17.238.252.735.862.600,12.214.845.102.419.800,29.621.518.828.384.100,Poor
61,14,1.54,8.0,Bad,2258.73,23.196.508.529.545.300,NA,Yes,17.238.252.735.862.600,16.067.254.450.139.700,2.376.910.948.066.420,Poor
61,13,-2.46,8.0,Bad,2258.73,3.484.904.970.443.730,9 Years and 3 Months,Yes,17.238.252.735.862.600,14.926.780.615.872.900,24.909.583.314.931.000,Poor
5,6,6.83,4.0,Na,413.32,3.594.290.748.551.220,18 Years and 3 Months,No,29.534.583.720.496.000,7.421.434.055.467.650,3.346.679.090.581.600,Good
4,3,6.83,4.0,Good,413.32,31.861.736.271.923.100,18 Years and 5 Months,No,29.534.583.720.496.000,26.290.476.621.438.200,362.591.772.991.399,Good
5,6,Na,4.0,Good,413.32,22.743.582.104.279.600,18 Years and 6 Months,No,29.534.583.720.496.000,10.472.383.354.456.400,2.941.584.160.682.730,Good
5,7,6.83,4.0,Good,413.32,28.836.349.156.043.800,18 Years and 8 Months,No,29.534.583.720.496.000,6.895.672.493.704.700,3.199.255.246.757.900,Good
31,21,Na,7.0,Bad,1793.54,389.796.611.529.839,18 Years and 9 Months,Yes,6.513.948.777.561.220,4.843.998.334.767.110,27.515.086.221.005.000,Poor
31,21,05.07,7.0,Bad,1793.54,35.030.349.081.579.800,18 Years and 10 Months,Yes,6.513.948.777.561.220,5.383.325.980.744.010,299.757.585.750.281,Poor
31,21,05.07,7.0,Bad,1793.54,2.719.720.883.392.740,18 Years and 11 Months,Yes,31551.0,10.514.914.955.564.500,258.441.696.002.076,Poor
31,3318,05.07,7.0,Bad,1793.54,25.585.205.200.232.100,19 Years and 1 Months,Yes,6.513.948.777.561.220,2.434.618.840.548.100,28.924.465.715.224.000,Poor
31,21,06.07,7.0,Bad,1793.54,35.706.437.003.014.800,19 Years and 2 Months,Yes,6.513.948.777.561.220,10.959.203.229.477.600,243.998.813.262.945,Poor
26,21,Na,7.0,Bad,1793.54,23.245.481.545.534.300,19 Years and 3 Months,Yes,6.513.948.777.561.220,10.422.797.957.897.000,25.936.286.597.875.000,Poor
31,18,05.07,7.0,Bad,1793.54,3.878.895.428.776.150,19 Years and 4 Months,Yes,6.513.948.777.561.220,9.880.418.973.887.450,26.478.665.581.884.600,Poor
2,10,2.58,4.0,Good,556.91,3.442.998.587.408.370,21 Years and 8 Months,No,10.276.291.311.709.000,25.576.582.841.793.200,2.879.044.251.316.430,Good
4,10,2.58,4.0,Good,556.91,31.745.213.385.009.900,21 Years and 9 Months,No,10.276.291.311.709.000,1.503.131.869.839.950,3.733.570.665.655.800,Good
2,10,2.58,4.0,Na,556.91,2.946.412.057.567.310,21 Years and 10 Months,Yes,10.276.291.311.709.000,8.251.039.863.115.360,45.115.985.491.842.200,Good
4,10,2.58,4.0,Good,556.91,3.869.215.906.784.690,NA,No,10.276.291.311.709.000,825.798.021.342.212,4.310.904.514.153.550,Good
4,8,10.44,0.0,Standard,1293.02,33.041.498.963.387.100,25 Years and 10 Months,Yes,5.392.351.397.165.260,12.089.014.204.533.700,64.513.134.398.301,Good
8,3083,10.44,0.0,Standard,1293.02,4.079.113.730.976.760,25 Years and 11 Months,Yes,5.392.351.397.165.260,NaNa10000NaNa,3.580.953.999.823.690,Good
5,6,10.44,0.0,Standard,1293.02,34.983.562.067.394.900,26 Years and 0 Months,Yes,5.392.351.397.165.260,414.896.549.383.656,3.911.249.366.446.910,Good
8,10,4.44,0.0,Na,1293.02,32.733.732.776.648.000,26 Years and 1 Months,Yes,5.392.351.397.165.260,,6.426.718.243.437.650,Good
8,8,10.44,0.0,Standard,1293.02,3.823.451.377.496.930,26 Years and 2 Months,Yes,5.392.351.397.165.260,29.581.189.599.421.300,51.020.959.003.413.400,Good
53,21,26.94,11.0,Bad,3421.66,33.298.654.305.420.300,13 Years and 5 Months,Yes,6.968.545.857.227.970,27.250.794.632.521.400,37.584.691.346.186.500,Poor
53,21,26.94,11.0,Bad,3421.66,38.177.310.964.520.800,13 Years and 6 Months,Yes,6.968.545.857.227.970,7.126.438.577.406.130,36.183.332.232.032.500,Poor
53,21,27.94,11.0,Bad,3421.66,30.986.998.144.545.600,13 Years and 7 Months,Yes,6.968.545.857.227.970,11.731.031.613.952.400,3.257.873.919.548.620,Poor
58,24,26.94,11.0,Bad,3421.66,33.283.061.301.535.400,13 Years and 8 Months,Yes,6.968.545.857.227.970,11.545.341.572.596.900,32.764.429.236.841.700,Poor
53,21,26.94,11.0,Bad,3421.66,3.296.295.024.281.030,13 Years and 9 Months,Yes,6.968.545.857.227.970,24.066.131.449.353.700,3.790.315.766.450.330,Poor
16,1338,9.24,7.0,Standard,1693.95,3.740.993.371.585.020,7 Years and 10 Months,Yes,4.307.051.960.231.580,659.865.855.206.332,32.325.972.821.038.400,Poor
17,20,9.24,7.0,Standard,1693.95,24.251.028.181.031.900,7 Years and 11 Months,Yes,4.307.051.960.231.580,16.962.098.009.559.700,21.962.533.363.541.900,Poor
12,19,9.24,7.0,Na,1693.95,3.878.765.214.795.480,8 Years and 0 Months,Yes,4.307.051.960.231.580,46.576.672.797.796.400,302.669.640.933.221,Poor
17,20,9.24,9.0,Na,1693.95,2.309.179.311.667.220,8 Years and 2 Months,Yes,4.307.051.960.231.580,18.886.611.370.127.800,20.038.020.002.973.800,Poor
13,23,9.24,9.0,Standard,1693.95,3.133.422.002.336.570,8 Years and 3 Months,Yes,4.307.051.960.231.580,13.161.252.154.380.700,2.576.337.921.872.100,Poor
12,17,11.24,9.0,Standard,1693.95,29.706.453.768.241.700,8 Years and 4 Months,Yes,4.307.051.960.231.580,8.048.442.010.154.180,30.876.189.362.947.500,Poor
13,8,9.2,1.0,Good,949.38,41.687.213.348.432.500,30 Years and 7 Months,No,3.649.151.774.048.710,2.961.518.279.313.210,8.221.939.946.638.070,Good
13,4,9.2,1.0,Good,949.38,28.510.774.652.067.700,30 Years and 8 Months,No,3.649.151.774.048.710,23.791.838.093.113.200,8.804.274.416.639.960,Good
13,3,9.2,1.0,Good,949.38,4.147.825.034.175.920,30 Years and 9 Months,No,3.649.151.774.048.710,NaNa10000NaNa,7.056.144.781.572.350,Good
13,6,9.2,1.0,Good,949.38,31.401.516.359.038.000,30 Years and 10 Months,No,3.649.151.774.048.710,5.994.618.328.116.310,5.588.839.897.834.970,Good
10,3,10.2,525.0,Na,949.38,3.426.155.637.445.090,30 Years and 11 Months,No,3.649.151.774.048.710,26.479.842.475.467.000,8.535.473.978.404.580,Good
13,6,9.2,1.0,Good,949.38,2.671.579.704.085.410,31 Years and 0 Months,No,3.649.151.774.048.710,8.611.156.691.643.060,2.772.301.534.308.220,Good
18,6,9.2,1.0,Na,949.38,3.977.628.576.926.380,31 Years and 1 Months,No,3.649.151.774.048.710,34.281.426.591.925.200,7.855.315.566.758.760,Good
16,8,9.2,1.0,Good,949.38,40.605.388.381.855.600,31 Years and 2 Months,No,3.649.151.774.048.710,3.289.078.393.799.950,799.437.983.215.134,Good
12,7,6.43,3.0,Good,1095.73,33.434.371.517.540.900,19 Years and 7 Months,No,0.0,16.299.558.622.762.100,795.554.663.772.378,Good
12,0,6.43,3.0,Na,1095.73,38.389.820.031.990.400,19 Years and 8 Months,Yes,0.0,8.157.260.644.250.120,8.869.776.435.574.980,Good
12,7,6.43,3.0,Na,1095.73,3.662.486.341.899.640,19 Years and 9 Months,No,0.0,1.285.248.739.482.000,8.400.253.760.517.990,Good
12,7,6.43,3.0,Good,1095.73,31.360.244.741.417.900,19 Years and 10 Months,No,0.0,3.036.646.866.498.070,6.848.855.633.501.920,Good
14,0,6.43,3.0,Na,1095.73,4.166.180.246.621.800,19 Years and 11 Months,No,0.0,7.082.263.261.910.930,8.877.276.173.808.900,Good
12,7,6.43,3.0,Good,1095.73,25.026.326.020.444.800,20 Years and 0 Months,No,0.0,4.654.277.736.563.570,5.231.224.763.436.420,Good
12,4,6.43,3.0,Good,1095.73,23.916.287.783.227.700,20 Years and 1 Months,No,0.0,,2.736.508.992.743.440,Good
12,7,6.43,3.0,Good,1095.73,4.151.328.788.148.240,NA,No,81050.0,7.879.818.322.985.320,8.797.520.667.701.460,Good
30,15,27.99,11.0,Bad,3422.49,30.836.960.208.112.800,NA,Yes,31.490.178.526.768.100,1.923.040.599.769.490,21.974.240.475.536.900,Poor
55,24,6.82,11.0,Bad,2797.17,3.313.167.712.163.900,14 Years and 0 Months,Yes,5.886.844.083.860.840,NaNa10000NaNa,25.201.660.303.526.400,Poor
56,24,8.82,11.0,Na,2797.17,3.307.759.975.839.410,14 Years and 1 Months,Yes,5.886.844.083.860.840,1.240.568.381.028.940,2.128.183.043.918.300,Poor
59,24,8.82,11.0,Bad,2797.17,2.764.251.073.394.810,14 Years and 3 Months,Yes,5.886.844.083.860.840,10.575.675.459.442.200,2.211.183.879.003.020,Poor
55,24,8.82,11.0,Bad,2797.17,30.732.960.214.272.800,14 Years and 4 Months,Yes,5.886.844.083.860.840,5.385.988.289.381.300,2.830.152.596.009.110,Poor
59,24,8.82,11.0,Bad,2797.17,324.729.892.967.946,14 Years and 5 Months,Yes,5.886.844.083.860.840,4.562.644.681.511.020,2.812.486.956.796.140,Poor
2,0,10.98,0.0,Good,680.77,3.512.551.975.918.450,20 Years and 8 Months,No,12.168.201.673.654.200,NaNa10000NaNa,33.329.198.185.875.200,Good
3,0,Na,0.0,Good,680.77,31.308.508.751.147.200,20 Years and 10 Months,No,12.168.201.673.654.200,9.098.095.528.937.550,7.763.343.613.074.150,Good
2,5,10.98,0.0,Good,680.77,3.396.003.440.020.580,21 Years and 0 Months,No,12.168.201.673.654.200,7.993.743.610.756.780,11.794.095.552.111.100,Good
6,4,9.98,0.0,Good,680.77,2.892.882.974.582.680,21 Years and 1 Months,No,10292.0,17.309.436.921.741.700,6.942.209.473.793.720,Good
2,5,10.98,0.0,Good,680.77,30.483.817.218.934.400,21 Years and 2 Months,No,12.168.201.673.654.200,16.911.088.560.882.300,6.982.044.309.879.660,Good
2,8,10.98,0.0,Good,680.77,35.622.883.365.649.600,21 Years and 3 Months,Yes,19734.0,30.420.281.042.249.300,573.112.506.174.297,Good
28,0,13.94,2.0,Standard,1079.73,28.068.382.392.311.800,31 Years and 10 Months,No,955.216.287.821.567,6.234.087.218.945.350,38.900.714.932.330.800,Good
23,0,11.94,2.0,Standard,1079.73,24.978.573.155.178.600,32 Years and 0 Months,No,955.216.287.821.567,7.610.455.290.669.840,25.137.034.215.085.800,Good
23,10,11.94,2.0,Standard,1079.73,28.321.914.174.502.800,32 Years and 1 Months,Yes,955.216.287.821.567,7.776.020.727.296.630,23.481.379.848.817.900,Good
23,0,11.94,2.0,Standard,1079.73,41.341.414.000.106.500,32 Years and 2 Months,Yes,955.216.287.821.567,5.521.106.827.759.280,4.503.051.884.419.150,Good
27,11,19.87,11.0,Standard,2253.95,28.875.737.694.025.200,16 Years and 10 Months,Yes,15.600.331.166.279.100,6.693.199.534.699.990,4.262.564.429.902.080,Poor
27,11,19.87,11.0,Standard,2253.95,23.115.022.183.170.700,16 Years and 11 Months,Yes,15.600.331.166.279.100,13.228.573.127.303.200,39.090.270.706.417.500,Poor
27,11,19.87,11.0,Standard,2253.95,3.857.921.380.799.330,17 Years and 0 Months,Yes,15.600.331.166.279.100,8.027.846.002.596.150,42.290.997.831.124.600,Poor
27,11,19.87,11.0,Standard,2253.95,2.284.117.831.011.110,17 Years and 1 Months,Yes,15.600.331.166.279.100,3.731.685.163.748.750,16.001.992.196.233.200,Poor
27,11,19.87,11.0,Na,2253.95,33.912.703.074.966.700,17 Years and 2 Months,Yes,15.600.331.166.279.100,19.292.077.129.685.800,3.502.676.670.403.490,Poor
27,14,24.87,11.0,Standard,2253.95,37.330.340.266.940.100,17 Years and 3 Months,Yes,15.600.331.166.279.100,,43.630.891.916.244.400,Poor
27,10,16.87,12.0,Na,2253.95,3.317.055.464.565.220,17 Years and 4 Months,Yes,15.600.331.166.279.100,59.495.416.124.857.400,4.436.930.222.123.500,Poor
27,11,19.87,12.0,Standard,2253.95,3.152.078.179.699.130,17 Years and 5 Months,Yes,15.600.331.166.279.100,11.636.129.396.965.600,3.868.271.443.675.510,Poor
57,21,17.25,10.0,Bad,3119.6,3.018.805.936.357.030,12 Years and 5 Months,Yes,13.347.084.524.343.200,1.989.967.507.987.870,2.700.259.039.577.800,Poor
59,3104,11.25,,Na,3119.6,2.611.222.201.204.990,12 Years and 6 Months,Yes,13.347.084.524.343.200,1.532.707.254.403.220,2.957.519.293.162.440,Poor
57,19,17.25,14.0,Na,3119.6,3.823.896.597.620.360,12 Years and 7 Months,Yes,13.347.084.524.343.200,31.949.237.384.558.000,15.953.028.091.098.700,Poor
52,0,17.25,14.0,Bad,3119.6,3.708.960.444.163.580,12 Years and 8 Months,Yes,13.347.084.524.343.200,,17.693.147.792.084.700,Poor
54,19,17.25,14.0,Bad,3119.6,36.970.607.622.016.700,12 Years and 9 Months,Yes,13.347.084.524.343.200,9.609.548.178.258.150,3.429.271.729.739.850,Poor
57,18,17.25,14.0,Na,3119.6,31.248.462.494.345.000,12 Years and 10 Months,Yes,13.347.084.524.343.200,12.395.986.963.278.500,3.150.627.851.237.820,Poor
57,19,17.25,14.0,Bad,3119.6,2.414.813.227.289.230,12 Years and 11 Months,Yes,13.347.084.524.343.200,11.166.780.745.430.700,3.373.548.473.022.590,Poor
62,17,5.51,6.0,Bad,4071.62,3.613.729.240.094.060,12 Years and 7 Months,Yes,8.171.265.500.803.950,12.444.592.027.470.100,1.850.894.247.172.580,Poor
62,18,5.51,6.0,Na,4071.62,2.813.414.922.331.560,12 Years and 8 Months,Yes,8.171.265.500.803.950,31.286.542.757.446.000,2.682.488.022.345.140,Poor
65,0,5.51,6.0,Na,4071.62,3.916.106.265.120.840,12 Years and 9 Months,Yes,8.171.265.500.803.950,11.236.144.980.518.100,19.717.389.518.677.900,Poor
62,21,5.51,6.0,Na,4071.62,3.311.102.174.772.380,12 Years and 10 Months,Yes,8.171.265.500.803.950,2.467.934.850.830.750,2.448.559.964.836.520,Poor
62,21,12.51,6.0,Bad,4071.62,2.642.915.211.024.230,NA,Yes,8.171.265.500.803.950,,17.910.953.553.854.600,Poor
62,18,5.51,6.0,Na,4071.62,29.815.213.465.952.300,13 Years and 0 Months,Yes,8.171.265.500.803.950,47.310.783.361.453.100,2.522.245.616.305.070,Poor
64,0,-14.900.000.000.000.000,6.0,Bad,4071.62,3.709.478.338.625.010,13 Years and 1 Months,Yes,7.097.506.654.794.730,10.530.296.781.645.700,20.423.237.717.550.200,Poor
62,18,5.51,6.0,Bad,4071.62,3.566.937.313.879.140,13 Years and 2 Months,Yes,7.097.506.654.794.730,3.337.622.925.667.580,2.361.591.157.352.840,Poor
15,8,11.92,3.0,Good,1154.46,43.368.064.752.029.100,27 Years and 3 Months,No,0.0,,9.403.944.827.695.150,Good
15,8,11.92,3.0,Good,1154.46,3.113.019.514.441.850,27 Years and 4 Months,No,0.0,NaNa10000NaNa,11.578.575.217.994.000,Good
14,19,5.79,5.0,Standard,125.25,3.508.033.049.259.630,24 Years and 11 Months,No,958.007.129.241.996,7.393.253.933.987.150,3.835.191.644.025.950,Good